{"division_no_neg": 3.208007185936096e-05, "division_one_neg": 0.003216871412948905, "division_two_neg": 4.7810288774144196e-05}