{"addition_no_neg": 0.6688439655446425, "addition_one_neg": 0.4928984787034514, "addition_two_neg": 0.6025608235557403}