{"addition with at least one negative number": 0.5295270125987614, "addition without a negative number": 0.6688439655446425}