{"subtraction_no_neg": 0.5404991138573549, "subtraction_one_neg": 0.3975992981336736, "subtraction_two_neg": 0.3081573896353167}