{"division_no_neg": 4.8120107789041446e-05, "division_one_neg": 4.789386719030628e-05, "division_two_neg": 7.968381462357366e-05}