{"division_no_neg": 0.0005934813293981779, "division_one_neg": 0.003216871412948905, "division_two_neg": 0.00047810288774144193}