{"subtraction": {"subtraction_no_neg": 0.5404991138573549, "subtraction_one_neg": 0.3975992981336736, "subtraction_two_neg": 0.3081573896353167}, "multiplication": {"multiplication_no_neg": 9.706538971753971e-05, "multiplication_one_neg": 0.00012849341471249598, "multiplication_two_neg": 7.99692917919519e-05}, "division": {"division_no_neg": 4.8120107789041446e-05, "division_one_neg": 4.789386719030628e-05, "division_two_neg": 7.968381462357366e-05}, "addition": {"addition_no_neg": 0.6688439655446425, "addition_one_neg": 0.4928984787034514, "addition_two_neg": 0.6025608235557403}}