{"multiplication_no_neg": 9.706538971753971e-05, "multiplication_one_neg": 0.00012849341471249598, "multiplication_two_neg": 7.99692917919519e-05}