{"division_no_neg": 0.22918003336327472, "division_one_neg": 0.5939877232053768, "division_two_neg": 0.21967234015426787}