{"abstract_algebra": 0.37, "anatomy": 0.6296296296296297, "astronomy": 0.7302631578947368, "business_ethics": 0.69, "clinical_knowledge": 0.7660377358490567, "college_biology": 0.8333333333333334, "college_chemistry": 0.54, "college_computer_science": 0.54, "college_mathematics": 0.37, "college_medicine": 0.6705202312138728, "college_physics": 0.43137254901960786, "computer_security": 0.74, "conceptual_physics": 0.6212765957446809, "econometrics": 0.49122807017543857, "electrical_engineering": 0.6, "elementary_mathematics": 0.5185185185185185, "formal_logic": 0.4365079365079365, "global_facts": 0.42, "high_school_biology": 0.8129032258064516, "high_school_chemistry": 0.5960591133004927, "high_school_computer_science": 0.66, "high_school_european_history": 0.7515151515151515, "high_school_geography": 0.7828282828282829, "high_school_government_and_politics": 0.8652849740932642, "high_school_macroeconomics": 0.7435897435897436, "high_school_mathematics": 0.32222222222222224, "high_school_microeconomics": 0.8277310924369747, "high_school_physics": 0.4768211920529801, "high_school_psychology": 0.8293577981651377, "high_school_statistics": 0.6111111111111112, "high_school_us_history": 0.7990196078431373, "high_school_world_history": 0.7637130801687764, "human_aging": 0.6502242152466368, "human_sexuality": 0.7251908396946565, "international_law": 0.7272727272727273, "jurisprudence": 0.75, "logical_fallacies": 0.7177914110429447, "machine_learning": 0.5178571428571429, "management": 0.8349514563106796, "marketing": 0.8846153846153846, "medical_genetics": 0.76, "miscellaneous": 0.7598978288633461, "moral_disputes": 0.7167630057803468, "moral_scenarios": 0.44581005586592176, "nutrition": 0.7189542483660131, "philosophy": 0.7106109324758842, "prehistory": 0.7407407407407407, "professional_accounting": 0.5141843971631206, "professional_law": 0.5078226857887875, "professional_medicine": 0.7352941176470589, "professional_psychology": 0.6879084967320261, "public_relations": 0.6727272727272727, "security_studies": 0.7346938775510204, "sociology": 0.8258706467661692, "us_foreign_policy": 0.78, "virology": 0.4759036144578313, "world_religions": 0.783625730994152, "total_accuracy_mean": 0.6599921961750947}