{"abstract_algebra": 0.34, "anatomy": 0.6222222222222222, "astronomy": 0.7236842105263158, "business_ethics": 0.66, "clinical_knowledge": 0.7471698113207547, "college_biology": 0.7986111111111112, "college_chemistry": 0.52, "college_computer_science": 0.53, "college_mathematics": 0.39, "college_medicine": 0.6878612716763006, "college_physics": 0.45098039215686275, "computer_security": 0.73, "conceptual_physics": 0.5872340425531914, "econometrics": 0.47368421052631576, "electrical_engineering": 0.5655172413793104, "elementary_mathematics": 0.4973544973544973, "formal_logic": 0.40476190476190477, "global_facts": 0.36, "high_school_biology": 0.8032258064516129, "high_school_chemistry": 0.5960591133004927, "high_school_computer_science": 0.68, "high_school_european_history": 0.6909090909090909, "high_school_geography": 0.7828282828282829, "high_school_government_and_politics": 0.8601036269430051, "high_school_macroeconomics": 0.7410256410256411, "high_school_mathematics": 0.35555555555555557, "high_school_microeconomics": 0.8151260504201681, "high_school_physics": 0.45695364238410596, "high_school_psychology": 0.8220183486238533, "high_school_statistics": 0.5694444444444444, "high_school_us_history": 0.7794117647058824, "high_school_world_history": 0.7679324894514767, "human_aging": 0.6098654708520179, "human_sexuality": 0.6793893129770993, "international_law": 0.7272727272727273, "jurisprudence": 0.75, "logical_fallacies": 0.7239263803680982, "machine_learning": 0.4732142857142857, "management": 0.7669902912621359, "marketing": 0.8846153846153846, "medical_genetics": 0.72, "miscellaneous": 0.7471264367816092, "moral_disputes": 0.7109826589595376, "moral_scenarios": 0.464804469273743, "nutrition": 0.696078431372549, "philosophy": 0.6945337620578779, "prehistory": 0.7191358024691358, "professional_accounting": 0.5283687943262412, "professional_law": 0.4934810951760104, "professional_medicine": 0.7132352941176471, "professional_psychology": 0.6699346405228758, "public_relations": 0.6363636363636364, "security_studies": 0.7224489795918367, "sociology": 0.8308457711442786, "us_foreign_policy": 0.74, "virology": 0.5, "world_religions": 0.7777777777777778, "total_accuracy_mean": 0.6454397574671737}