{"addition": {"addition_no_neg": 0.9574247970714627, "addition_one_neg": 0.9263774351619457, "addition_two_neg": 0.9177099114903118}, "subtraction": {"subtraction_no_neg": 0.9396269633507853, "subtraction_one_neg": 0.8872547060469206, "subtraction_two_neg": 0.8592102035810645}, "multiplication": {"multiplication_no_neg": 0.1762779552715655, "multiplication_one_neg": 0.18606965174129353, "multiplication_two_neg": 0.18201370081249005}, "division": {"division_no_neg": 0.15203925669696725, "division_one_neg": 0.13887888608810467, "division_two_neg": 0.11533916331836445}}