{"Mean": 0.026416592239753896, "Median": 0.01376839308359669, "Min": 0.9221433569929022, "Max": 0.9008433324652951}