{"division_no_neg": 0.15203925669696725, "division_one_neg": 0.13887888608810467, "division_two_neg": 0.11533916331836445}