{"subtraction_no_neg": 0.9396269633507853, "subtraction_one_neg": 0.8872547060469206, "subtraction_two_neg": 0.8592102035810645}