{"addition_no_neg": 0.9574247970714627, "addition_one_neg": 0.9263774351619457, "addition_two_neg": 0.9177099114903118}