{"multiplication_no_neg": 0.1762779552715655, "multiplication_one_neg": 0.18606965174129353, "multiplication_two_neg": 0.18201370081249005}